日付,サンプル,A本A男,B橋B子,C本C介,D藤D音
8/1(火),,,,,
8/2(水),,,,,
8/3(木),,,,,
8/4(金),,,,,
8/5(土),,,,,
8/6(日),,,,,
8/7(月),10:00~19:00,,,,
8/8(火),,,,,
8/9(水),,,,,
8/10(木),10:00~19:00,,,,
8/11(金),,,,,
8/12(土),,,,,
8/13(日),,,,,
8/14(月),10:00~19:00,,,,
8/15(火),10:00~19:00,,,,
8/16(水),,10:00~19:00,,10:00~19:00,
8/17(木),,,,,
8/18(金),,,,,
8/19(土),,,,,
8/20(日),,,,,
8/21(月),10:00~19:00,,,,
8/22(火),,,,,
8/23(水),,,,,
8/24(木),,,,,
8/25(金),10:00~19:00,,,,
8/26(土),,,,,
8/27(日),,,,,
8/28(月),10:00~19:00,,,,
8/29(火),,,,,
8/30(水),10:00~19:00,,,,
8/31(木),,,,,
